text,created_at,like_count,retweet_count,hashtags,media_url,status_id,year,month,day,in_court
Just 24 minutes until we begin #malortcourt... GET READY,2015-10-03T22:37:10Z,6,1,malortcourt,NA,650439476628451300,2015,10,3,TRUE
"Defense attorney, Kim Streff. That's correct, there are no pants here in #malortcourt, or else it is a mistrial. http://t.co/OrQFeM4qqB",2015-10-03T23:03:38Z,8,2,malortcourt,http://pbs.twimg.com/media/CQbZTtaUEAAYExv.jpg,650446137367789600,2015,10,3,TRUE
What our defendants will be sworn in on. #malortcourt http://t.co/NmnNgtsnBK,2015-10-03T23:04:15Z,3,0,malortcourt,http://pbs.twimg.com/media/CQbZcu4UEAUmQMm.jpg,650446290770247700,2015,10,3,TRUE
"CARGO SHORTS were seen in appearance here at #malortcourt by the only gentleman here. ""TAKE THEM OFF"" chants ensue. Colton agrees.",2015-10-03T23:05:44Z,5,0,malortcourt,NA,650446666894475300,2015,10,3,TRUE
Honorable Judge Beef has just entered the courtroom. First to read the docket. http://t.co/jxego3F2rg,2015-10-03T23:10:49Z,6,3,NA,http://pbs.twimg.com/media/CQba83kUYAAgsMx.jpg,650447945142136800,2015,10,3,TRUE
"First is Kim v. Miller. Charge is for ""sending an ugly picture of me to the GroupMe.""",2015-10-03T23:11:08Z,4,0,NA,NA,650448022745186300,2015,10,3,TRUE
"Second is a class action lawsuit against Jackie &; Dyer. Infraction: Sleeping at dinner, violating common etiquette laws.",2015-10-03T23:11:34Z,1,0,NA,NA,650448133072154600,2015,10,3,TRUE
The rest to come in due time. #malortcourt,2015-10-03T23:13:22Z,2,0,malortcourt,NA,650448585075507200,2015,10,3,TRUE
"Kim v. Miller, the Case of the Ugly Picture. Miller: ""Objection! Kim's the public defender, she can't defend me!""",2015-10-03T23:14:19Z,0,0,NA,NA,650448824431841300,2015,10,3,TRUE
Bailiff would like to know what picture we're talking about.,2015-10-03T23:14:32Z,0,0,NA,NA,650448880996237300,2015,10,3,TRUE
"Here is Exhibit A of Miller's ""ass-ugly"" faces while playing. #malortcourt http://t.co/IxmPbYlVKM",2015-10-03T23:15:49Z,3,1,malortcourt,http://pbs.twimg.com/media/CQbcGiGUEAAVgIa.jpg,650449204238639100,2015,10,3,TRUE
"The Judge Honorable Beef has spoken. This ""ass ugly"" photo will be the GroupMe's avatar for 48 hours.",2015-10-03T23:16:11Z,4,0,NA,NA,650449296232423400,2015,10,3,TRUE
Miller response to Malort: *cough cough*,2015-10-03T23:16:40Z,0,0,NA,NA,650449416680173600,2015,10,3,TRUE
Oh shoot. Nobody was sworn in. RETRIAL. DO OVER. MULLIGAN.,2015-10-03T23:16:58Z,0,0,NA,NA,650449493125546e3,2015,10,3,TRUE
"Swearing on the 11th edition. ""I'm not sure what to say now."" #malortcourt http://t.co/i33L9Tgds4",2015-10-03T23:17:45Z,1,0,malortcourt,http://pbs.twimg.com/media/CQbcieIUkAA83Ei.jpg,650449690169749500,2015,10,3,TRUE
"""They both look like liars but I'm going to defend them anyway."" Shady, eh?",2015-10-03T23:18:00Z,1,0,NA,NA,650449753872822300,2015,10,3,TRUE
"Please state your name for the court. 
""Jacqueline Lai.""
Is that your real last name? 
courtroom: ""not Li?""",2015-10-03T23:18:28Z,1,0,NA,NA,650449868767408100,2015,10,3,TRUE
"""Am I boring you? Do you find this team boring?"" IT'S A TRAP!

Dyer: ""Not everyone.""

Honorable Judge Beef: ""They sound guilty.""",2015-10-03T23:19:01Z,2,0,NA,NA,650450009167495200,2015,10,3,TRUE
But the funny thing is that your actions seem to suggest that you do! Is it true that at dinner that you two fall asleep.,2015-10-03T23:19:20Z,0,0,NA,NA,650450086770573300,2015,10,3,TRUE
"Jackie says, ""No."" 
Dyer says, ""I was just closing my eyes. For 10 minutes.""",2015-10-03T23:19:37Z,0,0,NA,NA,650450159038427100,2015,10,3,TRUE
Do you have a dry eye condition that necessitates 10 minutes of eye closing?,2015-10-03T23:19:49Z,0,0,NA,NA,650450209672052700,2015,10,3,TRUE
"We don't know law. ""Google it."" #malortcourt",2015-10-03T23:20:15Z,0,0,malortcourt,NA,650450319248195600,2015,10,3,TRUE
"Public defender moving to disbar Meagles, Prosecutor.
""I'd like to move to NOT.""

#malortcourt",2015-10-03T23:20:37Z,1,0,malortcourt,NA,650450410759569400,2015,10,3,TRUE
Judge is now a witness.,2015-10-03T23:20:43Z,0,0,NA,NA,650450435354923e3,2015,10,3,TRUE
Counsel taking sidebar. Tennessee has to take a shot of malort for disrespect of #malortcourt's start time.,2015-10-03T23:22:03Z,0,0,malortcourt,NA,650450771041906700,2015,10,3,TRUE
"TN: ""It's like a batch of flies sitting on a dirty diaper."" #malortcourt",2015-10-03T23:23:31Z,0,0,malortcourt,NA,650451141826756600,2015,10,3,TRUE
"Counsel sidebar: ""We've come to a settlement.""

Witnesses: ""Wait, we didn't get to defend ourselves.""

Judge: ""You guys are totally guilty.""",2015-10-03T23:24:01Z,0,0,NA,NA,650451267819450400,2015,10,3,TRUE
Punishment: They have to drink @MonsterEnergy in a corner until the next trial can start.,2015-10-03T23:24:26Z,0,1,NA,NA,650451373415202800,2015,10,3,TRUE
"Convo b/w pub. defender &; prosecutor:
""It was great working with you again.""
""You know what, bc of that, I'll just let you win the next.""",2015-10-03T23:25:16Z,0,0,NA,NA,650451579980542e3,2015,10,3,TRUE
Reminder: Bailiff must be flexing the entire time and have a heavy accent.,2015-10-03T23:25:46Z,2,1,NA,NA,650451707982311400,2015,10,3,TRUE
I'm just telling them to not be idiots to move things along.,2015-10-03T23:26:19Z,0,0,NA,NA,650451845744193500,2015,10,3,TRUE
"Ok, focus. You're in a court of law-ish.",2015-10-03T23:26:50Z,1,0,NA,NA,650451977684410400,2015,10,3,TRUE
Sur v. Patrice &; Hu for missing their flights to Colorado Cup up next.,2015-10-03T23:27:13Z,0,0,NA,NA,650452071007719400,2015,10,3,TRUE
"What are your personal organizational skills? ""I don't have any.""",2015-10-03T23:27:28Z,2,0,NA,NA,650452134484250600,2015,10,3,TRUE
You do know that you're on this team? And you do know that you're to be attending our tournaments?,2015-10-03T23:27:58Z,0,0,NA,NA,650452259029946400,2015,10,3,TRUE
"Defense's witness:

And how did you guys get here this weekend? An airplane.

Can you explain more about this airplane.",2015-10-03T23:28:30Z,1,0,NA,NA,650452393172209700,2015,10,3,TRUE
"""Please state your name for the court""
""Alexandra Hu""
@allhailcsur: FALSE IT'S QING

@ChicagoNemesis #malortcourt",2015-10-03T23:28:35Z,0,1,malortcourt,NA,650452417218084900,2015,10,3,TRUE
"Objection: defense is like totally holding their hands.

Your honor, they kind of need hand holding.

Judge: I agree.",2015-10-03T23:29:11Z,0,0,NA,NA,650452567978209300,2015,10,3,TRUE
"Your honor, I'd like to cross examine the witnesses. Even though this isn't how it really works, the Judge would like to see how this goes.",2015-10-03T23:29:35Z,0,0,NA,NA,650452669501313e3,2015,10,3,TRUE
This smartphone - does your phone have a calendar app? an inbox email? do you have both of these things? #malortcourt,2015-10-03T23:30:54Z,2,0,malortcourt,NA,650452997437194200,2015,10,3,TRUE
Then it is fair to say that you are in all of the tools to know when you're flight departs! AND YET STILL! You managed to miss your flight!!,2015-10-03T23:31:27Z,0,0,NA,NA,650453138818793500,2015,10,3,TRUE
AND BY YOUR OWN ADMISSION YOU CAN'T EVEN KEEP TRACK OF WHEN THINGS ARE DUE,2015-10-03T23:31:39Z,1,0,NA,NA,650453189209100300,2015,10,3,TRUE
"and just because I really like saying this, I REST MY CASE!",2015-10-03T23:32:00Z,1,0,NA,NA,650453274982617100,2015,10,3,TRUE
"do you, or do you not, have teammates that could have helped you??

Hadel: I FUCKING TRIED.",2015-10-03T23:32:18Z,2,0,NA,NA,650453353302913e3,2015,10,3,TRUE
"Judge Beef: We have this group called the ""pups,"" that didn't help their brethren, even knowing their inabilities to get on the flights.",2015-10-03T23:33:16Z,2,1,NA,NA,650453595146485800,2015,10,3,TRUE
"Therefore, ALL of the pups, must take a shot of malort. We need 4 shots for the pups and 1 for the alpha dog.",2015-10-03T23:33:34Z,3,2,NA,NA,650453671017209900,2015,10,3,TRUE
"Due to a previous agreement, the Alpha Dog of the pup litter will be shotgunning a beer instead.",2015-10-03T23:34:31Z,2,1,NA,NA,650453911061467100,2015,10,3,TRUE
"Hadel: Congratulations, ladies, the nemepups die tonight. #ripYIP",2015-10-03T23:34:45Z,2,1,ripYIP,NA,650453968728952800,2015,10,3,TRUE
"It's like liquid turf burn.
It tastes like Beef's wig.
Gasoline.
It tastes like I got shampoo in my mouth, which happens a lot by the way.",2015-10-03T23:35:40Z,5,0,NA,NA,650454197385605100,2015,10,3,TRUE
#yipyipYIKES,2015-10-03T23:35:45Z,2,0,yipyipYIKES,NA,650454218722009100,2015,10,3,TRUE
"Next case: Allie v. Dobby, infraction: having four QBs in fantasy.",2015-10-03T23:36:00Z,2,0,NA,NA,650454283045867500,2015,10,3,TRUE
This has expanded to a class action suit.,2015-10-03T23:36:09Z,1,0,NA,NA,650454319435677700,2015,10,3,TRUE
Would you please state your name for the court? Dobby.,2015-10-03T23:36:34Z,0,0,NA,NA,650454425090191400,2015,10,3,TRUE
"Could you tell me how fantasy football works? Honestly, no.",2015-10-03T23:36:47Z,2,0,NA,NA,650454477762228200,2015,10,3,TRUE
"From the jury: ""Meagles, do YOU know how fantasy works?"" 

No, that's why I asked.

YOUR HONOR, She's eating!",2015-10-03T23:37:27Z,2,0,NA,NA,650454647048548400,2015,10,3,TRUE
"Did you know that that was not something you do? 

To be honest, I didn't know that either.",2015-10-03T23:37:56Z,0,0,NA,NA,650454768079339500,2015,10,3,TRUE
"I'm going to say that you're a good girl and that you just wanted to have fun. 

Sidebar.",2015-10-03T23:38:07Z,1,0,NA,NA,650454815558926300,2015,10,3,TRUE
"Why did you pick these QBs? They were attractive?

SHE PICKED PEYTON MANNING .",2015-10-03T23:38:48Z,2,0,NA,NA,650454987848347600,2015,10,3,TRUE
Did it affect your teammates negatively? Or did it affect you negatively?,2015-10-03T23:39:13Z,0,0,NA,NA,650455092735311900,2015,10,3,TRUE
"This is a kind-hearted teammate, who just wanted to help out her teammates! And get a little something on the side.",2015-10-03T23:39:37Z,0,0,NA,NA,650455193784442900,2015,10,3,TRUE
"It's confirmed that she's not guilty, but she will take a half-shot because it's Dobby. #friendshot",2015-10-03T23:39:54Z,1,0,friendshot,NA,650455265276358700,2015,10,3,TRUE
"Our loser in fantasy will take the ACT. Dobby, get studying.",2015-10-03T23:40:11Z,1,0,NA,NA,650455336504000500,2015,10,3,TRUE
Dobby getting flexed in http://t.co/gS1cMXdcDl,2015-10-03T23:40:54Z,2,0,NA,http://pbs.twimg.com/media/CQbh1iAUsAAftvi.jpg,650455517203009500,2015,10,3,TRUE
"The court will now here the team v. Jackie for forgetting the HDMI cord, again.",2015-10-03T23:41:10Z,2,0,NA,NA,650455584647417900,2015,10,3,TRUE
"Isn't this double jeopardy? 

No such thing in #malortcourt.",2015-10-03T23:41:22Z,1,0,malortcourt,NA,650455634802929700,2015,10,3,TRUE
"Do you swear to tell the whole truth, the

LOOK AT ME

I do.

You closed your eyes when you said that, I'm not sure if I believe you.",2015-10-03T23:41:58Z,2,1,NA,NA,650455786032791600,2015,10,3,TRUE
Can you tell me how this team garnered strategy before tournaments? From Beef. What does Beef do to get strategy. She watches stuff.,2015-10-03T23:42:37Z,0,0,NA,NA,650455945986732e3,2015,10,3,TRUE
"When you were little, a child, did your mother ever take you someplace special?",2015-10-03T23:44:30Z,1,1,NA,NA,650456421167829e3,2015,10,3,TRUE
"Your honor, I'd like to point out this is a waste of the court's resource. She was found guilty last year.",2015-10-03T23:44:47Z,1,0,NA,NA,650456491577602e3,2015,10,3,TRUE
Is there a reason that the defense can defend before I'm done prosecuting?,2015-10-03T23:45:07Z,0,0,NA,NA,650456575295918100,2015,10,3,TRUE
Did your mother ever promise your something growing up? Do you remember being horrifically disappointed when someone didn't follow through?,2015-10-03T23:46:05Z,0,0,NA,NA,650456822294298600,2015,10,3,TRUE
Objection: Your childhood has nothing to do with your adulthood.,2015-10-03T23:46:19Z,0,1,NA,NA,650456878959345700,2015,10,3,TRUE
"On the verge of tears: I would argue that your childhood has everything to do with your adulthood.

Counsel, we've talked about this.",2015-10-03T23:46:22Z,0,0,NA,NA,650456893349957600,2015,10,3,TRUE
Can I have some skittles?,2015-10-03T23:47:18Z,0,0,NA,NA,650457127161458700,2015,10,3,TRUE
#malortcourt is separate from all other jurisdictions. There is no law that we can't try Jackie again for the same crime!,2015-10-03T23:47:27Z,1,0,malortcourt,NA,650457165673578500,2015,10,3,TRUE
"Therefore, we'd like Jackie to take another shot of malort. 

Half shot.

Three-quarters shot.",2015-10-03T23:47:49Z,1,0,NA,NA,650457254399905800,2015,10,3,TRUE
Abby Shure has been officially inducted into the Resting Bitch Face.,2015-10-03T23:50:44Z,0,1,NA,NA,650457990227595300,2015,10,3,TRUE
"To commemorate, the RBF club has an Abby RBF cake. http://t.co/qekiRVkiCO",2015-10-03T23:51:06Z,6,1,NA,http://pbs.twimg.com/media/CQbkKjuVAAAwEDx.jpg,650458082598760400,2015,10,3,TRUE
Let the record show that Jackie's malort shot tasted like poop.,2015-10-03T23:51:31Z,1,0,NA,NA,65045818712499e4,2015,10,3,TRUE
It is easier to understand whatever the expletive #malortcourt thing @ChicagoNemesis is doing on twitter than @ESPN3 semis coverage,2015-10-03T23:53:20Z,0,2,malortcourt,NA,650458645692440600,2015,10,3,TRUE
"We would periscope, but you know, ESPN rights.",2015-10-03T23:53:37Z,4,0,NA,NA,650458716785868800,2015,10,3,TRUE
Now we will hear Nemesis v. Anne for excessive celebration. And politeness.,2015-10-03T23:53:51Z,1,0,NA,NA,650458773434183700,2015,10,3,TRUE
@ChicagoNemesis Let the record show that the @wildwestjanes love you guys right now ‚ù§Ô∏è‚ù§Ô∏è#jltl #nemelove #dammitpatrice,2015-10-03T23:54:22Z,0,1,"jltl, nemelove, dammitpatrice",NA,650458905340854300,2015,10,3,TRUE
"Before I swear you in, I'd like to express my personal disappointment, b/c I was the one who threw the huck &;I wanted you to be in the EZ.",2015-10-03T23:55:31Z,1,0,NA,NA,650459192382238700,2015,10,3,TRUE
"Are you disappointed in me or in you? 

I'm not sure.",2015-10-03T23:55:40Z,2,1,NA,NA,650459232723058700,2015,10,3,TRUE
"Before I let the prosecutor badger my witness, I'd like to call in my social worker. I think we may have an insanity case.",2015-10-03T23:56:11Z,0,0,NA,NA,650459362599661600,2015,10,3,TRUE
"What is your name? Anne Hemmelgarn.

Are you insane? Do you have a diagnosed mental illness? Yes.",2015-10-03T23:56:29Z,0,0,NA,NA,650459436377464800,2015,10,3,TRUE
"Who is your doctor?

Allie Fish. No, Kristol. Wait, I'm confused.

We may have a case here.",2015-10-03T23:56:44Z,1,0,NA,NA,650459499002593300,2015,10,3,TRUE
"I'm going to ignore all claims of your insanity because this is how I get my paycheck.

That's not fair.",2015-10-03T23:57:05Z,0,0,NA,NA,650459589238894600,2015,10,3,TRUE
"Can you tell me how the game of ultimate is played?

Public defender: just sit down and start crying / be confused",2015-10-03T23:58:01Z,1,0,NA,NA,650459822291226600,2015,10,3,TRUE
Does she look confused? http://t.co/g51rUuX2qV,2015-10-03T23:58:21Z,1,0,NA,http://pbs.twimg.com/media/CQbl1LEUwAEQ22N.jpg,650459905225199600,2015,10,3,TRUE
"Reenactment done by social worker, Allie Fish. WOOOOOOOOOOOO YAHHHHHHHH.",2015-10-03T23:58:43Z,0,0,NA,NA,650459999538298900,2015,10,3,TRUE
The court has come to a decision. We find Anne AND Colton guilty. Why? Not sure. But it doesn't help that you're not wearing pants.,2015-10-03T23:59:13Z,3,1,NA,NA,650460127099617300,2015,10,3,TRUE
"Anne on malort: ""minty. licorice."" 

She's crazy. Insane. #malortcourt",2015-10-04T00:01:19Z,0,0,malortcourt,NA,650460655552565200,2015,10,4,TRUE
"Kim, that defense did not work!

But it was really funny.",2015-10-04T00:01:30Z,0,0,NA,NA,650460697864704e3,2015,10,4,TRUE
"Next up, the case of The Team vs. Tennessee James.",2015-10-04T00:01:45Z,2,0,NA,NA,650460761748213800,2015,10,4,TRUE
"Meagles: I need to recuse myself because he is my husband, so I'd like to be the defense on this case.",2015-10-04T00:03:11Z,1,0,NA,NA,650461123657904100,2015,10,4,TRUE
"Please state the charges. The defendant is unaware of the charges. 

Can you tell us what you were doing on April 19th or 20th of this year?",2015-10-04T00:03:47Z,1,0,NA,NA,650461274724110300,2015,10,4,TRUE
"Well I was working in the basement...

Oh is that what we're calling it?",2015-10-04T00:03:59Z,3,0,NA,NA,650461326439919600,2015,10,4,TRUE
"Well, while you were ""working in the basement"", was anyone else there with you?",2015-10-04T00:04:15Z,0,0,NA,NA,650461390486933500,2015,10,4,TRUE
Maybe.,2015-10-04T00:04:18Z,0,0,NA,NA,650461405032808400,2015,10,4,TRUE
"Could you clarify? And who was there with you? Was it Meagles?

It might have been. I have a hard time remembering.",2015-10-04T00:04:34Z,0,0,NA,NA,650461473035022300,2015,10,4,TRUE
"Let's say for a sec that it WAS meagles and you were ""working"" in the basement.",2015-10-04T00:04:48Z,0,0,NA,NA,650461528420823e3,2015,10,4,TRUE
"And now, 6 months later, huh, well I'd like to call a witness now.",2015-10-04T00:05:03Z,0,0,NA,NA,650461594455928800,2015,10,4,TRUE
"Meagles, can you please take the stand?",2015-10-04T00:05:10Z,0,0,NA,NA,650461623149133800,2015,10,4,TRUE
I'd like the witness to remove her sport coat. She is not wearing pants. And I'd like to point out she was not wearing pants in the basement,2015-10-04T00:05:38Z,4,1,NA,NA,650461739885064200,2015,10,4,TRUE
And what is going on in there? I'm creating a future neme-player.,2015-10-04T00:05:53Z,1,0,NA,NA,650461801503584300,2015,10,4,TRUE
"And what were you doing in the basement? Working?

I prefer, ""playing""",2015-10-04T00:06:08Z,1,0,NA,NA,650461866007724e3,2015,10,4,TRUE
The Court finds it necessary for you to take a shot for impregnating a player!! #malortcourt,2015-10-04T00:06:33Z,2,2,malortcourt,NA,650461970261372900,2015,10,4,TRUE
So do we find him guilty?,2015-10-04T00:06:49Z,0,0,NA,NA,650462036590071800,2015,10,4,TRUE
On malort: It's like chewing rubber.,2015-10-04T00:07:02Z,0,0,NA,NA,650462094236643300,2015,10,4,TRUE
Large case coming up. Class action. Several complaints filed. The Team v. Risa (again). #recidivism,2015-10-04T00:07:22Z,3,0,recidivism,NA,650462176973471700,2015,10,4,TRUE
Risa! No puppy dog face!,2015-10-04T00:08:09Z,1,0,NA,NA,650462373413679100,2015,10,4,TRUE
I KNOW WHAT IT'S LIKE TO HAVE A CASE THAT DOESN'T CHANGE.,2015-10-04T00:08:24Z,0,0,NA,NA,650462437959856100,2015,10,4,TRUE
"Can you please state your name for the court? 

Puppy dog face.

WE WILL HOLD YOU IN CONTEMPT.",2015-10-04T00:08:45Z,0,0,NA,NA,650462524790341600,2015,10,4,TRUE
"Will you tell us the joke I said at lunch? 

Ok, but what if the entire team just *poof* disappeared.",2015-10-04T00:10:03Z,0,0,NA,NA,650462850129903600,2015,10,4,TRUE
"How would you share this joke with the team? Do you have any sort of technology?

I'm not really good with technology.",2015-10-04T00:10:24Z,0,0,NA,NA,650462941519609900,2015,10,4,TRUE
"Japanese is my second language.

The Japanese love technology!",2015-10-04T00:10:43Z,1,0,NA,NA,650463017860096e3,2015,10,4,TRUE
"Ok, but when you heard the joke on Southwest, how did you tell us? 

They don't let Peter Pan on Southwest b/c he never never lands.",2015-10-04T00:11:10Z,1,0,NA,NA,650463133669036e3,2015,10,4,TRUE
OH and it's in the groupme! So you use the groupme to tell a joke!,2015-10-04T00:11:23Z,1,0,NA,NA,650463185321914400,2015,10,4,TRUE
"Wait, but Kim used the groupme to tell a riddle. 

But that was team related.

Well, mine was too. We took Southwest... to nationals...",2015-10-04T00:12:07Z,1,0,NA,NA,650463373562245100,2015,10,4,TRUE
"Do you know anyone else who violated the groupme? 

In my defense, I took screenshots of people who also violated the groupme, too.",2015-10-04T00:12:30Z,1,0,NA,NA,650463469079146500,2015,10,4,TRUE
"Let me count.

""1, 2, 3, 4, 5,.... and that was only partial of it.""

""ESL guys""",2015-10-04T00:12:54Z,1,0,NA,NA,650463569000030200,2015,10,4,TRUE
Let's hear the actual violations of the groupme.,2015-10-04T00:13:09Z,0,0,NA,NA,650463629976825900,2015,10,4,TRUE
Risa has just brought evidence against JJ &; Carol. #crap #dammit #ISTANDWITHRISA,2015-10-04T00:14:43Z,2,1,"crap, dammit, ISTANDWITHRISA",NA,650464025386479600,2015,10,4,TRUE
"Risa, repeat offender, everyone's groupme infraction extraordinaire. But, there were violators because the rulebook that was not presented.",2015-10-04T00:15:16Z,0,0,NA,NA,650464166214373400,2015,10,4,TRUE
Because we live in a lawless society. #malortcourt,2015-10-04T00:15:25Z,1,0,malortcourt,NA,650464202918793200,2015,10,4,TRUE
JJ would like to blame @tweetsbytots,2015-10-04T00:15:38Z,2,0,NA,NA,650464255628603400,2015,10,4,TRUE
"We would like to have Risa take a single shot, but go on to prosecute the REASON why we did not know what would cause infractions.",2015-10-04T00:16:18Z,0,0,NA,NA,650464425309155300,2015,10,4,TRUE
Repeat offenders ought to be tried with a more serious punishment. A shot nad a half.,2015-10-04T00:16:38Z,0,0,NA,NA,650464509933449200,2015,10,4,TRUE
"Risa wants to share with her best friend. Nope. Dyer not having it. 

DOWN IN ONE. DOWN IN ONE.",2015-10-04T00:17:32Z,3,0,NA,NA,650464732814573600,2015,10,4,TRUE
"Risa on Malort: Well, it smells good.",2015-10-04T00:18:30Z,3,0,NA,NA,650464979032760300,2015,10,4,TRUE
"JJ, because you're going to anyway, can you take the next 30 seconds to tell us how awesome your college team was @UMichFlywheel",2015-10-04T00:19:18Z,11,2,NA,NA,650465180099280900,2015,10,4,TRUE
I feel like I'm getting badgered.,2015-10-04T00:19:34Z,0,0,NA,NA,650465245295587300,2015,10,4,TRUE
To discuss @UMichFlywheel on the stand would incriminate me because the groupme handbook originated with Flywheel.,2015-10-04T00:19:57Z,1,1,NA,NA,650465342179819500,2015,10,4,TRUE
@VickiChang28 and @kgoblue42 were constant perpetrators of the GroupMe. They would send long texts. They violated pretty much every rule.,2015-10-04T00:20:28Z,1,0,NA,NA,650465473272770600,2015,10,4,TRUE
The rulebook was created by myself and Rebecca C. Moore.,2015-10-04T00:20:48Z,0,0,NA,NA,650465556206743600,2015,10,4,TRUE
"And when you joined Nemesis (in 2013), was there a GroupMe that everyone was on? 

Well, it wasn't active.",2015-10-04T00:21:41Z,1,0,NA,NA,650465780736225300,2015,10,4,TRUE
"Why did we start the groupme?

To disseminate important information.",2015-10-04T00:21:59Z,0,0,NA,NA,650465854635683800,2015,10,4,TRUE
"So in 2013, you sent out the handbook so everyone would know how to use the groupme.

No.",2015-10-04T00:22:17Z,1,0,NA,NA,650465931215245300,2015,10,4,TRUE
"Oh? 

Well, we were mostly scared of everyone on the team. So we really just talked to each other.",2015-10-04T00:22:36Z,1,0,NA,NA,650466011112583200,2015,10,4,TRUE
"So never in 2013, did you ever reference the groupme handbook rules? 

That's a f***ing lie!!

You weren't on the 2013 GroupMe! Ok, rewind.",2015-10-04T00:23:20Z,0,0,NA,NA,650466196286869500,2015,10,4,TRUE
"That was a f***ing lie. 

Your honor, we're living in a lawless society.",2015-10-04T00:24:05Z,0,0,NA,NA,650466382392332300,2015,10,4,TRUE
"Wait, judge, @tweetsbytots promised to update the handbook for Nemesis. And then @tweetsbytots left, so I can't fully be blamed.",2015-10-04T00:24:31Z,1,0,NA,NA,650466493159702500,2015,10,4,TRUE
"Also, @tweetsbytots owns the rights to the google handbook.",2015-10-04T00:24:54Z,0,0,NA,NA,650466590467579900,2015,10,4,TRUE
I do believe that is the end of #malortcourt.,2015-10-04T00:25:41Z,0,0,malortcourt,NA,650466786014425100,2015,10,4,TRUE
"Wait, what happened to Beef's charge for trespassing.

Ohh... we don't have enough time.",2015-10-04T00:26:00Z,0,0,NA,NA,650466867648184300,2015,10,4,TRUE
"Can you confirm that my apartment was sparsely decorated &; lacking of a feminine touch? 
She lives in a tent. Her ""apartment"" was an AirBNB",2015-10-04T00:26:40Z,1,0,NA,NA,650467032090054700,2015,10,4,TRUE
"What happened to Carol's infraction? Well, in a lawless society, some things slip through the crack.",2015-10-04T00:27:16Z,0,0,NA,NA,650467184905359400,2015,10,4,TRUE
"And with that, #malortcourt is adjourned until 2016. Now, we are off to cheer on our boys @MachineUltimate in the semis! #rowdygirls",2015-10-04T00:30:28Z,6,0,"malortcourt, rowdygirls",NA,650467989666435100,2015,10,4,TRUE
"The citizens of NemeWorld have spoken. Indictments have been made and to get to a sweet 16, play in games are underway. #malortcourt",2016-12-06T17:19:59Z,5,0,malortcourt,NA,806186436995256300,2016,12,6,TRUE
We have 16 Risa (public indecency &; corruption) vs. 17 Swaggy P (never fucking pulling her pants up). Who will move on? #malortcourt,2016-12-06T17:21:50Z,0,0,malortcourt,NA,806186901027819500,2016,12,6,TRUE
15 Bradley (for excessive use of #jacksheyisbae) vs 18 Dobby (disorderly conduct &; gratuitous bidding) #malortcourt,2016-12-06T17:23:02Z,1,0,"jacksheyisbae, malortcourt",NA,806187205316190200,2016,12,6,TRUE
We feel that the people should maybe have a say in this too. No promises your say will mean anything. Guess that's how #malort court goes.,2016-12-06T17:30:28Z,6,0,malort,NA,8.0618907630301594e+17,2016,12,6,TRUE
"@RisaLisa26 @jenni_jean93 Risa! We all know that #malortcourt is a fair and just institution. Never rigged, never made up!",2016-12-07T13:01:47Z,1,0,malortcourt,NA,806483846451646500,2016,12,7,TRUE
"thanks for all the #sizzlereels @FulcrumPro! ‚ù§Ô∏è
(any chance you've got a spotify playlist of the songs from all of them? they're great!)",2016-12-15T21:13:37Z,6,0,sizzlereels,NA,809506723283271700,2016,12,15,TRUE
TONIGHT IS THE NIGHT.,2016-12-17T19:02:47Z,4,0,NA,NA,810198576018194400,2016,12,17,TRUE
NEMMY'S AWARD SHOW. MALORT COURT. ALL IN ONE NIGHT. OMG.,2016-12-17T19:03:11Z,9,1,NA,NA,810198673019830300,2016,12,17,TRUE
"For those in Chicago, join us for the #Nemmys After-Party @Zella_Chicago (1983 N. Clybourn). Doors open to the public at 10PM.",2016-12-17T19:04:42Z,9,2,Nemmys,NA,810199056827945e3,2016,12,17,TRUE
"If you're lucky (and on time), you may catch the end of #MalortCourt... see justice live and in action!",2016-12-17T19:06:34Z,2,0,MalortCourt,NA,810199525453430800,2016,12,17,TRUE
"Speaking of which, @kurtegibson, FYI you may be a key witness in one of our cases &; called to the stand. Please be available at any moment.",2016-12-17T19:08:02Z,1,0,NA,NA,810199897467158500,2016,12,17,TRUE
"Even when the season is over, captains are ALWAYS a #unitedfront https://t.co/Q2S47dSsXr",2016-12-18T02:04:06Z,7,0,unitedfront,http://pbs.twimg.com/media/Cz7HvCrXEAECzWH.jpg,810304602516099100,2016,12,18,TRUE
#NEMMYS,2016-12-18T02:17:19Z,0,0,NEMMYS,NA,810307926422356e3,2016,12,18,TRUE
"the ""most likely to"" award goes to dobby! #mostlikelytobeafreeelf",2016-12-18T02:17:59Z,3,0,mostlikelytobeafreeelf,NA,810308095796777e3,2016,12,18,TRUE
"""experience needed award"" goes to MC! https://t.co/Le4AhY1qF7",2016-12-18T02:18:59Z,2,0,NA,http://pbs.twimg.com/media/Cz7LIHjVQAAaEF3.jpg,810308347178127400,2016,12,18,TRUE
"""toddlers and tiaras award"" goes to leah!",2016-12-18T02:19:26Z,2,0,NA,NA,810308459858198500,2016,12,18,TRUE
GroupMe rule added: heart function on GroupMe to only be used for props or to confirm attendance.,2016-12-18T02:20:22Z,0,1,NA,NA,810308696953786400,2016,12,18,TRUE
"""queen of hearts award"" goes to abby for excessive groupme ""likes""!",2016-12-18T02:20:41Z,2,1,NA,NA,810308773344636900,2016,12,18,TRUE
"""closed toed shoe award"" goes to miller! #showusyourtoes",2016-12-18T02:21:20Z,0,0,showusyourtoes,NA,810308940600934400,2016,12,18,TRUE
"miller: ""one of them grew back, and the other one, i'm not really sure.""",2016-12-18T02:22:03Z,1,0,NA,NA,810309121257992200,2016,12,18,TRUE
"""the ""wright"" stuff award"" goes to galaxy!",2016-12-18T02:22:35Z,0,0,NA,NA,810309253869240300,2016,12,18,TRUE
"""number one nugget award"" goes to danielle! (not in attendance yet, malort shot assigned.)",2016-12-18T02:23:03Z,0,0,NA,NA,810309369837551600,2016,12,18,TRUE
"final four of #malortcourt: spitz for ignorance, risa for asking personal qs to the GroupMe, #jjprobs for memes, bradley for #bae",2016-12-18T02:32:53Z,2,0,"malortcourt, jjprobs, bae",NA,810311845869457400,2016,12,18,TRUE
"""gotta catch 'em all award"" goes to chuds!",2016-12-18T02:33:40Z,1,0,NA,NA,810312042502647800,2016,12,18,TRUE
"""fresh to death award"" goes to willie!",2016-12-18T02:34:29Z,0,0,NA,NA,810312247000055800,2016,12,18,TRUE
"""the traveling gnome award"" goes to monica!",2016-12-18T02:35:16Z,0,0,NA,NA,810312444224610300,2016,12,18,TRUE
"""ice cream queen award"" goes to allie fish!",2016-12-18T02:36:02Z,0,0,NA,NA,810312639867916300,2016,12,18,TRUE
"""transcending #TINA award"" goes to sur! (aka #tina)",2016-12-18T02:36:50Z,4,0,"TINA, tina",NA,810312838036226e3,2016,12,18,TRUE
"""coming home award"" goes to j!",2016-12-18T02:37:17Z,0,0,NA,NA,810312953945788400,2016,12,18,TRUE
"""icky shuffle award"" goes to jesse!",2016-12-18T02:38:14Z,1,0,NA,NA,810313192714936300,2016,12,18,TRUE
"Danielle arrives late to resounding chants of ""SHOT SHOT SHOT SHOT""",2016-12-18T02:40:27Z,1,0,NA,NA,810313751454879700,2016,12,18,TRUE
Which shape of chicken nugget has the greatest volume?!?,2016-12-18T02:51:29Z,0,0,NA,NA,810316528361111600,2016,12,18,TRUE
specialty award to eloise for #nemefit! #shedabestest,2016-12-18T02:52:48Z,1,0,"nemefit, shedabestest",NA,810316857500663800,2016,12,18,TRUE
"""reba award"" goes to rebecca REBA leder!",2016-12-18T02:53:21Z,1,0,NA,NA,810316997271679e3,2016,12,18,TRUE
"""wishy washy fomo award"" goes to #jjprobs",2016-12-18T02:54:53Z,4,1,jjprobs,NA,810317382598135800,2016,12,18,TRUE
"""i thank god everyday award"" goes to dyer!",2016-12-18T02:55:14Z,0,0,NA,NA,810317468023615500,2016,12,18,TRUE
"""2016 queen of normal award"" goes to foster!",2016-12-18T02:56:08Z,0,0,NA,NA,810317698420932600,2016,12,18,TRUE
"Risa in accepting Dyer's award says the most accurate thing she's ever said: ""Best friend would say,
Thanks,
Dyer""",2016-12-18T02:56:50Z,4,0,NA,NA,810317872127950800,2016,12,18,TRUE
"""my strange addiction award"" goes to risa!",2016-12-18T02:57:14Z,0,0,NA,NA,810317974582263800,2016,12,18,TRUE
NB: Risa accidentally pled guilty because she thought it meant not guilty,2016-12-18T02:58:30Z,1,0,NA,NA,810318290853707800,2016,12,18,TRUE
"""directionally challenged award"" goes to hu!",2016-12-18T02:58:31Z,1,0,NA,NA,810318298156073e3,2016,12,18,TRUE
"fun fact: ICYMI, hu once drove the wrong way down lower wacker.",2016-12-18T02:58:58Z,0,0,NA,NA,810318408482857e3,2016,12,18,TRUE
match the emoji to the player! https://t.co/ZQjvUN0sf4,2016-12-18T02:59:28Z,2,0,NA,http://pbs.twimg.com/media/Cz7UZWPUoAAs9X4.jpg,810318534941216800,2016,12,18,TRUE
Shit can I drop my lowest grade in this class?! https://t.co/lgXWTpw27K,2016-12-18T03:16:46Z,1,1,NA,http://pbs.twimg.com/media/Cz7YXn4WIAEYK61.jpg,81032289050368e4,2016,12,18,TRUE
"""New year, new jokes"" - Hadel",2016-12-18T03:19:37Z,1,0,NA,NA,810323607608033300,2016,12,18,TRUE
Danks and Chuds are either goddamn liars or they're really good at this game. Both &gt;22/32,2016-12-18T03:22:28Z,1,0,NA,NA,810324323181457400,2016,12,18,TRUE
"Chuds loses Rock Paper Scissors, danks gets...drum roll...a malificent hat! That she can bestow on anyone she pleases",2016-12-18T03:23:25Z,1,0,NA,NA,810324562852384800,2016,12,18,TRUE
"""american gladiator award"" to duffy!",2016-12-18T03:23:59Z,0,0,NA,NA,810324703185424400,2016,12,18,TRUE
"""most likely to return for 2017 award"" goes to ang!",2016-12-18T03:24:43Z,0,0,NA,NA,810324890750480400,2016,12,18,TRUE
"Ang exits the stage to ""SIGN AN OATH SIGN AN OATH""",2016-12-18T03:25:19Z,0,0,NA,NA,810325041611243500,2016,12,18,TRUE
"""secret world of danks award"" goes to danks!",2016-12-18T03:25:26Z,0,0,NA,NA,810325068299599900,2016,12,18,TRUE
"""april ludgate award"" goes to haley! #parksandrec",2016-12-18T03:26:08Z,0,0,parksandrec,NA,810325245278228500,2016,12,18,TRUE
Most accurate award yet,2016-12-18T03:26:13Z,1,0,NA,NA,810325266576867300,2016,12,18,TRUE
"we took a heads down eyes closed vote, and katie george will henceforth be known as SPITZ",2016-12-18T03:27:24Z,2,0,NA,NA,810325565496578e3,2016,12,18,TRUE
"""fresh on the scene award"" goes to meagles!",2016-12-18T03:27:59Z,0,0,NA,NA,810325711709962200,2016,12,18,TRUE
You might think spitz is a bad nickname...until you consider that it used to be shits üò≥,2016-12-18T03:28:27Z,2,0,NA,NA,810325829930676200,2016,12,18,TRUE
"""freaky fast award"" goes to swag! #jimmyjohns",2016-12-18T03:28:35Z,1,0,jimmyjohns,NA,810325860909727700,2016,12,18,TRUE
"""the #sadlybradley award"" goes to bradley! #jacksheyisbae",2016-12-18T03:29:27Z,2,0,"sadlybradley, jacksheyisbae",NA,810326081832095700,2016,12,18,TRUE
#SADLYBRADLEY,2016-12-18T03:29:35Z,2,1,SADLYBRADLEY,NA,810326113213939700,2016,12,18,TRUE
5 minute intermission before #malortcourt,2016-12-18T03:30:09Z,0,0,malortcourt,NA,810326255941853200,2016,12,18,TRUE
Prosecutor has arrived. #malortcourt starting shortly. Hold on to the edge of your seats. Grab some popcorn. It's going to be a good show.,2016-12-18T03:44:20Z,1,0,malortcourt,NA,810329826464858100,2016,12,18,TRUE
Confirmed. Prosecutor still does not wear pants in #malortcourt.,2016-12-18T03:44:47Z,1,0,malortcourt,NA,810329937831936e3,2016,12,18,TRUE
ALL RISE. Honorable Judge Sara Miller entering the courtroom.,2016-12-18T03:45:18Z,0,0,NA,NA,810330070824919e3,2016,12,18,TRUE
"""do we clap?"" #malortcourt",2016-12-18T03:45:42Z,1,0,malortcourt,NA,810330170804633600,2016,12,18,TRUE
"""I am seated."" #malortcourt",2016-12-18T03:45:51Z,0,0,malortcourt,NA,810330206439411700,2016,12,18,TRUE
"First, we call our first defendant, Spitz, or her representation.",2016-12-18T03:46:07Z,0,0,NA,NA,810330275012022300,2016,12,18,TRUE
"MC, brave soul, is now getting flexed in.",2016-12-18T03:46:26Z,1,0,NA,NA,810330356784238600,2016,12,18,TRUE
I am here on behalf of Spitz. SHe didn't know the event was happening tonight. She's been charged with the case of ignorance.,2016-12-18T03:46:48Z,2,0,NA,NA,810330447972601900,2016,12,18,TRUE
"That's a difficult thing to be charged with, because ignorance is unknowing. SO HOW WAS SHE SUPPOSED TO KNOW SHE WAS BEING CHARGED?",2016-12-18T03:47:06Z,1,0,NA,NA,810330521905598500,2016,12,18,TRUE
i believe she should be reconsidered BECAUSE of her ignorance. Think about it. #malortcourt,2016-12-18T03:47:22Z,1,0,malortcourt,NA,810330589140287500,2016,12,18,TRUE
"Side bar - I think generally prosecution goes first, but I guess defense is starting first.",2016-12-18T03:47:52Z,0,0,NA,NA,810330715346923500,2016,12,18,TRUE
"Ignorance is bliss. I would rather live in a situation in that, where she's working so hard to know other things &; be ok not knowing stuff",2016-12-18T03:48:25Z,1,0,NA,NA,810330854186778600,2016,12,18,TRUE
Prosecutor Meagles: thank you for proving my case. But I'd like to call a witness and that witness is myself.,2016-12-18T03:48:57Z,0,0,NA,NA,810330988320591900,2016,12,18,TRUE
Swearing in on @USAUltimate's 11th edition rules #malortcourt,2016-12-18T03:49:11Z,2,1,malortcourt,NA,810331045061083100,2016,12,18,TRUE
".@Meagles000: ""So I'm a bit of a celebrity and it turns out one of my own teammates didn't know I was a celebrity.""",2016-12-18T03:50:02Z,0,0,NA,NA,810331262930092e3,2016,12,18,TRUE
Objection: Leading the witness!!!,2016-12-18T03:50:13Z,2,0,NA,NA,810331306223632400,2016,12,18,TRUE
"Response: I mean, just talk a little bit.",2016-12-18T03:50:20Z,0,0,NA,NA,810331335948697600,2016,12,18,TRUE
"Objection! Relevance! 

Overruled.",2016-12-18T03:50:51Z,0,0,NA,NA,810331464449622e3,2016,12,18,TRUE
"""I was really disturbed to find that the circle of ppl I love the most... someone managed to still not know who I was.""",2016-12-18T03:51:21Z,0,0,NA,NA,810331593202139100,2016,12,18,TRUE
".@Meagles000 is currently questioning herself.

""It can be tough living in the public eye. I often get stopped at Whole foods.""",2016-12-18T03:51:31Z,6,0,NA,NA,810331634692223e3,2016,12,18,TRUE
"""I think she should take a shot of malort and video it for all of us to remember forever.""",2016-12-18T03:51:48Z,0,0,NA,NA,810331707312312300,2016,12,18,TRUE
"MC is now questioning @Meagles000, ""can you restate your name for the court, as you already have done?""",2016-12-18T03:52:14Z,0,0,NA,NA,810331815332499500,2016,12,18,TRUE
"""But you should know who I am, because I am a celebrity.""",2016-12-18T03:52:28Z,1,0,NA,NA,810331871615877100,2016,12,18,TRUE
"""I rest my case.""

""That was confusing.""

""Guilty as charged.""",2016-12-18T03:52:46Z,2,0,NA,NA,810331948489068500,2016,12,18,TRUE
"MC's take on #malort: ""Dirty Laundry.""",2016-12-18T03:53:30Z,0,0,malort,NA,810332135349452800,2016,12,18,TRUE
Next case. The People v. Risa for the usual crime of abusing the groupme. Getting flexed in now.,2016-12-18T03:53:53Z,1,0,NA,NA,810332228484038700,2016,12,18,TRUE
"Ma'am is someone representing you?

Allie might.",2016-12-18T03:54:16Z,0,0,NA,NA,810332326353899500,2016,12,18,TRUE
"""Can I first say that I love @Meagles000?"" 

""STOP BUYING THE COURT.""",2016-12-18T03:54:34Z,0,0,NA,NA,810332400010100700,2016,12,18,TRUE
"Defendant's counsel: ""less is more... less is more!""",2016-12-18T03:54:42Z,0,0,NA,NA,810332436705976300,2016,12,18,TRUE
Prosecution: It seems that we find ourselves in this situation every year...,2016-12-18T03:55:07Z,1,0,NA,NA,810332539814613e3,2016,12,18,TRUE
"Are you aware of the phrase ""a stitch in time saves nine?""

No.",2016-12-18T03:55:23Z,0,0,NA,NA,810332607070224400,2016,12,18,TRUE
"Can you tell us how many shots you took the first year of #malortcourt?

Zero.",2016-12-18T03:55:35Z,0,0,malortcourt,NA,810332656105910300,2016,12,18,TRUE
"IT seems that #malortcourt was derelict in administering justice, as abuses continue.",2016-12-18T03:55:51Z,0,0,malortcourt,NA,810332723000868900,2016,12,18,TRUE
"Can you tell us why you're here on the stand today?

Maybe, I mean yes.",2016-12-18T03:56:04Z,1,0,NA,NA,810332779250667500,2016,12,18,TRUE
"Apparently I asked, ""What's your paypal?""

To whom?

To Emily Hadel.",2016-12-18T03:56:21Z,0,0,NA,NA,810332849052287e3,2016,12,18,TRUE
"So you used the direct message function to ask Hadel for her paypal?

Objection! Relevance! Overruled.",2016-12-18T03:56:52Z,0,0,NA,NA,810332979402854400,2016,12,18,TRUE
Yes. I mean No.,2016-12-18T03:56:57Z,0,0,NA,NA,810333001209040900,2016,12,18,TRUE
"So you asked a question to a single person across allllllll of groupme. Everyone saw that question.

Yes.... Ah.",2016-12-18T03:57:14Z,0,0,NA,NA,810333071073480700,2016,12,18,TRUE
It is my believe that if we charged Risa for her infractions that we would not be in this situation today.,2016-12-18T03:57:27Z,0,0,NA,NA,810333126379585500,2016,12,18,TRUE
Risa: I don't think my infraction was the same in 2014!,2016-12-18T03:57:42Z,0,0,NA,NA,810333188342030300,2016,12,18,TRUE
Smiliest defendant https://t.co/k2vuIMSTGT,2016-12-18T03:57:44Z,0,0,NA,http://pbs.twimg.com/media/Cz7hvnmWgAARxFU.jpg,810333198391668700,2016,12,18,TRUE
"""She was saved by the puppy dog face!""",2016-12-18T03:57:49Z,0,0,NA,NA,810333221460250600,2016,12,18,TRUE
Risa: *puppy dog face*,2016-12-18T03:57:59Z,1,0,NA,NA,810333262006652900,2016,12,18,TRUE
"Risa's defense, Allie FIsh: ""So you did write this message to Emily Hadel to the whole groupme.  What was the purpose?""",2016-12-18T03:58:27Z,0,0,NA,NA,810333380491538400,2016,12,18,TRUE
I don't really care about the purpose. I really just want Risa to take a shot of #malort. Definitely not an unbiased stenographer here.,2016-12-18T03:58:51Z,1,0,malort,NA,810333479502282800,2016,12,18,TRUE
Defense rests its case. Prosecution calls Emily Hadel to the stand.,2016-12-18T03:59:53Z,0,0,NA,NA,810333741746884600,2016,12,18,TRUE
"Ms. Hadel, were you about to go into debt? 

No.

So Risa trying to help you not go into debt is a falsehood.",2016-12-18T04:00:57Z,0,0,NA,NA,810334008513065e3,2016,12,18,TRUE
"Hadel terse, concise, professional https://t.co/KJDTvFBuyo",2016-12-18T04:01:15Z,2,0,NA,http://pbs.twimg.com/media/Cz7ijCQWEAEWLBY.jpg,810334082773225500,2016,12,18,TRUE
"Some unclear questions here. Which tend to lead to unclear answer.

Defense: ""she doesn't know!""",2016-12-18T04:01:19Z,0,0,NA,NA,810334099948834800,2016,12,18,TRUE
"Do you have multiple email addresses?

No.",2016-12-18T04:01:32Z,0,0,NA,NA,810334153384329200,2016,12,18,TRUE
"Wait, you don't have multiple email addresses? 

No. 

What about work?

No. 

Dammit Risa.",2016-12-18T04:01:48Z,1,0,NA,NA,810334221688602600,2016,12,18,TRUE
"Risa back on the stand. 

Can you say, honestly, that you can contain yourself next year?

*no response*

I rest my case!",2016-12-18T04:02:11Z,0,1,NA,NA,810334319248101400,2016,12,18,TRUE
And the crowd goes wild,2016-12-18T04:02:21Z,1,0,NA,NA,810334361858048e3,2016,12,18,TRUE
"Risa found guilty for her infraction, particularly for being a repeat offender.",2016-12-18T04:02:26Z,0,0,NA,NA,810334383550951400,2016,12,18,TRUE
Risa trying to sip malort right now. Bad idea.,2016-12-18T04:02:36Z,1,0,NA,NA,810334424587964400,2016,12,18,TRUE
"Risa's take: ""it wasn't bad for the first second, it was minty, but too minty?""

Judge Miller: no....",2016-12-18T04:03:18Z,2,0,NA,NA,810334597728890900,2016,12,18,TRUE
"Next up, JJ for Excessive Meme Creation #malortcourt",2016-12-18T04:03:28Z,2,0,malortcourt,NA,810334642540789800,2016,12,18,TRUE
JJ here is defending herself. Guess no one wanted to defend her.,2016-12-18T04:04:09Z,2,0,NA,NA,810334812615614500,2016,12,18,TRUE
"Do you know how many memes you sent to the team?

Yes. 36.",2016-12-18T04:04:17Z,5,0,NA,NA,810334845490659300,2016,12,18,TRUE
"I think it's safe to say that more than half of memes on the groupme were from you.

I would say that it is maybe potentially possible.",2016-12-18T04:04:51Z,2,0,NA,NA,810334991141969900,2016,12,18,TRUE
SWAG SENT ONE TWICE.,2016-12-18T04:04:56Z,1,0,NA,NA,810335010561675300,2016,12,18,TRUE
"Evidence getting submitted to the court. How many is too many memes? So I google searched, ""how many is too many?""",2016-12-18T04:05:23Z,1,0,NA,NA,810335123057111e3,2016,12,18,TRUE
"""...and you once memed twice in a row"" üî•üî•üî•",2016-12-18T04:05:35Z,1,0,NA,NA,810335174567325700,2016,12,18,TRUE
THe first result was from GQ UK about the number of sexual partners. If the court would allow me some leeway.,2016-12-18T04:06:05Z,1,0,NA,NA,810335300618780700,2016,12,18,TRUE
Objection: rambling.,2016-12-18T04:06:58Z,1,0,NA,NA,810335523109830700,2016,12,18,TRUE
I'm not sure where the prosecution is going with this GQ article.,2016-12-18T04:07:11Z,1,0,NA,NA,810335574951346200,2016,12,18,TRUE
If the court would allow me some more latitude...,2016-12-18T04:07:24Z,1,0,NA,NA,810335629527679e3,2016,12,18,TRUE
"I would like to replace the word ""sex"" with ""memes"" - Prosecution re-reads article with this replacement.",2016-12-18T04:07:49Z,1,0,NA,NA,810335737132544e3,2016,12,18,TRUE
There are memes I regret. There are memes I am ashamed of. There are memes I cannot remember.,2016-12-18T04:08:07Z,2,0,NA,NA,810335810822217700,2016,12,18,TRUE
"I ask you JJ, could you name all 36 of your memes?",2016-12-18T04:08:56Z,2,0,NA,NA,810336017597210600,2016,12,18,TRUE
"THERE'S AN 80% CHANCE THAT I COULD.

Go ahead.",2016-12-18T04:09:21Z,1,0,NA,NA,810336121037135900,2016,12,18,TRUE
"IF YOU CAN'T NAME THEM, THEY ARE MEMES THAT YOU CAN'T REMEMBER.",2016-12-18T04:09:50Z,4,0,NA,NA,810336245075378200,2016,12,18,TRUE
"JJ's defense, is herself. She is questioning herself as the witness.",2016-12-18T04:11:41Z,1,0,NA,NA,810336709233807400,2016,12,18,TRUE
"""Have you learned your lesson?""

""Yes, no more memes from me.""",2016-12-18T04:12:37Z,2,0,NA,NA,810336942353170400,2016,12,18,TRUE
"Prosecution: ""SHUT UP SHUT UP SHUT UP""",2016-12-18T04:13:23Z,5,0,NA,NA,810337135203065900,2016,12,18,TRUE
"Judge: ""Counsel, please approach the bench.""",2016-12-18T04:13:34Z,1,0,NA,NA,810337181801844700,2016,12,18,TRUE
Something's happening. maybe a deal?! #malortcourt,2016-12-18T04:13:50Z,2,0,malortcourt,NA,810337250974322700,2016,12,18,TRUE
Clean deal has been accepted. JJ will take 2 shots of something other than #malort.,2016-12-18T04:15:14Z,2,0,malort,NA,810337603841048600,2016,12,18,TRUE
THIS IS BLASPHEMY.,2016-12-18T04:15:27Z,2,0,NA,NA,810337658924830700,2016,12,18,TRUE
Apparently this is what defending yourself means these days https://t.co/RXXJ19oB3v,2016-12-18T04:15:40Z,2,0,NA,http://pbs.twimg.com/ext_tw_video_thumb/810337667959361536/pu/img/lEde-WsYpR8zs9JY.jpg,810337712234463200,2016,12,18,TRUE
"also punishing the Queen of Hearts, for excessive favorites. Abby's gotta take a shot too.",2016-12-18T04:15:47Z,2,1,NA,NA,810337742710251500,2016,12,18,TRUE
Last case of the night. Fr the crime of ignorance of the acronym that is BAE.,2016-12-18T04:16:39Z,0,0,NA,NA,810337958221979600,2016,12,18,TRUE
Damn our biceps look good. #flexin,2016-12-18T04:16:49Z,2,0,flexin,NA,810338001180131300,2016,12,18,TRUE
"Bradley is defending herself for not knowing what bae meant, even with the excessive use of #jacksheyisbae",2016-12-18T04:17:14Z,1,0,jacksheyisbae,NA,810338107526705200,2016,12,18,TRUE
"Oh btw, new hashtag! #SadlyBradley!",2016-12-18T04:17:26Z,2,0,SadlyBradley,NA,810338156583198700,2016,12,18,TRUE
"Overheard from the bartender: ""A bunch of dudes would never do this. This is entertaining!""",2016-12-18T04:17:33Z,2,0,NA,NA,810338183938527200,2016,12,18,TRUE
"Can you tell the court what you thought bae meant? 

#SadlyBradley",2016-12-18T04:17:44Z,0,0,SadlyBradley,NA,810338230071623700,2016,12,18,TRUE
"I thought it was short for ""baby.""

#SadlyBradley",2016-12-18T04:17:57Z,0,0,SadlyBradley,NA,810338284865986600,2016,12,18,TRUE
"What was the acronym for? ""Before ANyone else."" Is that not a term of endearment? So you thought it was a term of endearment and it was!",2016-12-18T04:18:30Z,0,0,NA,NA,810338423504568300,2016,12,18,TRUE
You sent out a song for MILF money... can you explain what MILF is?,2016-12-18T04:18:46Z,0,0,NA,NA,810338493687799800,2016,12,18,TRUE
What does MILF stand for?,2016-12-18T04:18:56Z,0,0,NA,NA,810338533328175100,2016,12,18,TRUE
Mother I'd Like To........,2016-12-18T04:19:03Z,0,0,NA,NA,810338562700931100,2016,12,18,TRUE
for the PG twitterverse.... Fondle. Yikes.,2016-12-18T04:19:16Z,1,0,NA,NA,810338616895533e3,2016,12,18,TRUE
SO you've shown to the court that you're really good at acronyms,2016-12-18T04:19:28Z,2,0,NA,NA,810338666535157800,2016,12,18,TRUE
Judge Miller seems in the defendant's pocket https://t.co/pQYTB4HLfT,2016-12-18T04:19:37Z,6,0,NA,http://pbs.twimg.com/media/Cz7mwVCWQAA8Pvb.jpg,810338707769266200,2016,12,18,TRUE
So BAE shouldn't have been so difficult to understand,2016-12-18T04:19:42Z,0,0,NA,NA,810338726119346200,2016,12,18,TRUE
Defense is now citing a @TIME article about what BAE means. #SadlyBradley,2016-12-18T04:20:13Z,2,0,SadlyBradley,NA,810338857870917600,2016,12,18,TRUE
"This is the article, if you were wondering: https://t.co/CBHzSa5u2d",2016-12-18T04:20:42Z,3,0,NA,NA,810338978280964100,2016,12,18,TRUE
CASE DISMISSED.,2016-12-18T04:20:57Z,0,0,NA,NA,810339041283604500,2016,12,18,TRUE
"Abby's take: GASOLINE. 
Miller's take: Rubber bands.",2016-12-18T04:21:40Z,0,1,NA,NA,810339223496720400,2016,12,18,TRUE
#MalortCourt is adjourned.,2016-12-18T04:21:48Z,0,1,MalortCourt,NA,810339253930618900,2016,12,18,TRUE
Order! Order to the #MalortCourt. It's beginning. We must thorougly prosecute such crimes to maintain a Nemeworld of peace &; fairness.,2017-10-21T23:54:32Z,5,0,MalortCourt,NA,921887456865275900,2017,10,21,TRUE
#MalortCourt Secretary Duff signing in...,2017-10-21T23:57:37Z,0,0,MalortCourt,NA,921888233708978200,2017,10,21,TRUE
Court is 28 min delayed and counting.. #MalortCourt,2017-10-21T23:58:48Z,2,0,MalortCourt,NA,921888530133143600,2017,10,21,TRUE
Judge Miller calls order in the court #MalortCourt,2017-10-21T23:59:41Z,1,0,MalortCourt,NA,921888752301170700,2017,10,21,TRUE
Sgnoles is first on the docket defending herself against apathetic warmup leading #MalortCourt,2017-10-22T00:00:52Z,3,0,MalortCourt,NA,921889051501789200,2017,10,22,TRUE
"Prosecuting Attorneys Fish n' Shure stepping in to question the defendant. Not looking good for Sgnoles.... ""uhhhh.... up"" #MalortCourt",2017-10-22T00:05:02Z,1,1,MalortCourt,NA,921890099259899900,2017,10,22,TRUE
"Defending Attorney Li is calling, Skimberly Fiona, as a character witness #MalortCourt ""Skim... don't screw me."" - Sgnoles",2017-10-22T00:08:15Z,6,0,MalortCourt,NA,921890909729550300,2017,10,22,TRUE
Questioning the character of the character witness. I think we all see where this is going NO HELMET. NO SENSE...  #MalorCourt,2017-10-22T00:12:06Z,1,0,MalorCourt,NA,921891880165695500,2017,10,22,TRUE
Prosecution offers a plea deal. Sgnoles looks panicked.. Judge Miller calls silence in the court to announce her final decision #MalortCourt,2017-10-22T00:13:46Z,0,0,MalortCourt,NA,921892299545677800,2017,10,22,TRUE
Win for the prosecution. Judge Miller sentences Sgnoles to the Up/Down rule and a shot of malort #MalortCourt,2017-10-22T00:14:44Z,3,0,MalortCourt,NA,921892540621774800,2017,10,22,TRUE
Next on the docket is Judge Miller herself (Judge Hadel stepping in) She's being prosecuted for not joining the team throwing Slack channel,2017-10-22T00:16:17Z,0,0,NA,NA,921892930721402900,2017,10,22,TRUE
New evidence is being introduced. Miller has been shown to be asking outside the slack about workouts #timeIsPrecious #MalortCourt,2017-10-22T00:21:40Z,0,0,"timeIsPrecious, MalortCourt",NA,9.2189428515856794e+17,2017,10,22,TRUE
Miller has been sentenced to a shot of malort! #MalortCourt,2017-10-22T00:22:17Z,1,0,MalortCourt,NA,921894441299972100,2017,10,22,TRUE
Next up is Risa. #isLikeIveNeverBeenHereBefore,2017-10-22T00:23:30Z,0,0,isLikeIveNeverBeenHereBefore,NA,921894749535199200,2017,10,22,TRUE
#someGetThisGilrABeer #MalortCourt,2017-10-22T00:25:30Z,0,0,"someGetThisGilrABeer, MalortCourt",NA,921895251505184800,2017,10,22,TRUE
#noButIAm #MalortCourt,2017-10-22T00:25:52Z,0,0,"noButIAm, MalortCourt",NA,921895341603123200,2017,10,22,TRUE
"Defending Attorney Daviess calling her first witness, KDO #OhFuckCalled #MalortCourt",2017-10-22T00:26:41Z,0,0,"OhFuckCalled, MalortCourt",NA,921895548566818800,2017,10,22,TRUE
Line of questioning by @bcdaviess seems questionable but Judge Miller allows it #layingTheFoundation #whereIsThisGoing,2017-10-22T00:28:56Z,1,0,"layingTheFoundation, whereIsThisGoing",NA,921896116324532200,2017,10,22,TRUE
Risa trying to swear in a second time... #itsLikeShesNeverBeenHereBefore #MalortCourt,2017-10-22T00:30:58Z,1,0,"itsLikeShesNeverBeenHereBefore, MalortCourt",NA,921896625328488400,2017,10,22,TRUE
"""She's a repeat offender!""

""BECAUSE IM ALWAYS CONFUSED""

#nemewho",2017-10-22T00:32:55Z,2,0,nemewho,NA,921897118851371e3,2017,10,22,TRUE
"""I've got lots of witnesses to show I'm always confused"" Risa pleads guilty #MalortCourt #bestDefenseIsNone #shots",2017-10-22T00:33:11Z,2,0,"MalortCourt, bestDefenseIsNone, shots",NA,921897185670811600,2017,10,22,TRUE
This court is rowdy af #theJudgeIsDrunk,2017-10-22T00:34:47Z,3,0,theJudgeIsDrunk,NA,921897588630138900,2017,10,22,TRUE
We got a citation for BIG BOOTY JUDY,2017-10-22T00:37:12Z,2,1,NA,NA,921898197383041e3,2017,10,22,TRUE
This was a joint submission against @annaVthorn for sitting on the styrofoam cooler and breaking it.,2017-10-22T00:38:05Z,0,1,NA,NA,921898416392851500,2017,10,22,TRUE
An additional drinking ticket to Mons for only buying 4 @MonsterEnergy drinks for the entire TEAM. #crime,2017-10-22T00:38:53Z,0,0,crime,NA,921898618231181300,2017,10,22,TRUE
Citation for Sur for asking what candies should be included in the candy bracket and then NEVER HOLDING ONE. #FULLSHOT CHEERS ENSUE,2017-10-22T00:39:47Z,5,0,FULLSHOT,NA,921898846468345900,2017,10,22,TRUE
"Several citations have gone to KDO for not using the slack properly. But I will add, NO RULES NO CRIME.",2017-10-22T00:40:59Z,1,0,NA,NA,921899149087395800,2017,10,22,TRUE
Citations are great. People can't defend themselves. #MalortCourt #IsntFair,2017-10-22T00:41:25Z,1,0,"MalortCourt, IsntFair",NA,921899256641925100,2017,10,22,TRUE
Coach Hack is now called to the stand for not ever being on the NemeSlack.,2017-10-22T00:42:06Z,1,0,NA,NA,921899428369268700,2017,10,22,TRUE
"Hack swearing in ""Oh just the new testament. Good. cuz the old testament. I""m not down with that""",2017-10-22T00:42:16Z,5,0,NA,NA,921899471973339100,2017,10,22,TRUE
"To Attorney Shure, ""No offense."" #MalortCourt",2017-10-22T00:43:04Z,3,0,MalortCourt,NA,921899669973819400,2017,10,22,TRUE
"""I hear you like twitter, is that true?""
""Yes, that's true.""
""Can you read all the apps on your phone... ok you have Tumblr""",2017-10-22T00:43:52Z,0,0,NA,NA,921899874962067500,2017,10,22,TRUE
Jules agreeing emphatically that Slack is the team method of communicating #DoNotReplyAll,2017-10-22T00:45:47Z,0,0,DoNotReplyAll,NA,921900356648493e3,2017,10,22,TRUE
KDO defending Hack and killing it #howOldAreYou,2017-10-22T00:48:41Z,1,0,howOldAreYou,NA,921901086855827500,2017,10,22,TRUE
"""Risa, what do we talk about on the Slack?"" #isThisARoast #MalortCourt",2017-10-22T00:49:20Z,0,0,"isThisARoast, MalortCourt",NA,921901249443835900,2017,10,22,TRUE
"""I have a cloud but I can't find it"" - Coach @lindseyhack, ladies and gentlemen #GenX #Xtennials #MalortCourt #herNannyIsASoftwareEngineer",2017-10-22T00:56:09Z,3,0,"GenX, Xtennials, MalortCourt, herNannyIsASoftwareEngineer",NA,921902963525869600,2017,10,22,TRUE
"""Don't tell me how to do my job"" - Judge Miller #MalortCourt",2017-10-22T00:56:39Z,1,0,MalortCourt,NA,921903090680389600,2017,10,22,TRUE
"""Motion to throw co-party under the bus"" @carolli32 ""JJ we need a Slack handbook"" #tellThePeopleHowToLiveTheirLives",2017-10-22T00:57:29Z,3,0,tellThePeopleHowToLiveTheirLives,NA,921903298457821200,2017,10,22,TRUE
Plea deal offered to JJ of butterscotch liquor. Carol Li charged with a full sentence of a full shot of malort #MalortCourt,2017-10-22T01:00:52Z,1,1,MalortCourt,NA,921904152841777200,2017,10,22,TRUE
Sipp and Hadel on the stand for who knows what at this point.. #MalortCourt,2017-10-22T01:02:50Z,1,0,MalortCourt,NA,921904646758821900,2017,10,22,TRUE
They're being charged for incorrect walking #MalortCourt #SippCanCountTo25,2017-10-22T01:03:52Z,1,0,"MalortCourt, SippCanCountTo25",NA,921904905132150800,2017,10,22,TRUE
@carolli32 defending #Sipel motion to #takeItToTheStreets,2017-10-22T01:08:26Z,0,0,"Sipel, takeItToTheStreets",NA,921906055671672800,2017,10,22,TRUE
"Judge Miller - ""I have to pee"" #unannouncedRecess",2017-10-22T01:09:44Z,0,0,unannouncedRecess,NA,921906384148590600,2017,10,22,TRUE
Galaxy getting flexed in #MalortCourt,2017-10-22T01:11:31Z,0,0,MalortCourt,NA,921906833325002800,2017,10,22,TRUE
"""How many people have you indicted to #MalortCourt?"" #irrelevant",2017-10-22T01:12:18Z,0,0,"MalortCourt, irrelevant",NA,921907027315699700,2017,10,22,TRUE
"Prosecutor Fish, ""I have to pee"" #thisCourtIsDrunk #MalortCourt",2017-10-22T01:13:09Z,1,0,"thisCourtIsDrunk, MalortCourt",NA,921907243121037300,2017,10,22,TRUE
"Judge Miller ""Get to the point"" #MalortCourt",2017-10-22T01:14:26Z,0,0,MalortCourt,NA,921907566678020100,2017,10,22,TRUE
"Moral of this story, #OPP is corrupt #MalortCourt",2017-10-22T01:18:08Z,1,0,"OPP, MalortCourt",NA,921908495565381600,2017,10,22,TRUE
CAN WE MAKE A RULING ALREADY?!? #teamShots #MalortCourt,2017-10-22T01:19:19Z,0,0,"teamShots, MalortCourt",NA,921908796469006300,2017,10,22,TRUE
"""Just give her the shot. idk."" -DJ Dye Dogg #DaiquiriDeck",2017-10-22T01:20:31Z,1,0,DaiquiriDeck,NA,921909098429501400,2017,10,22,TRUE
"""I would like to abstain... I am drunk."" #expertWitness @_csur #MalortCourt",2017-10-22T01:21:20Z,5,0,"expertWitness, MalortCourt",NA,921909302696316900,2017,10,22,TRUE
"""Poor my shot"" #Sipel",2017-10-22T01:22:59Z,0,0,Sipel,NA,921909715621343200,2017,10,22,TRUE
#MalortCourt is now adjourned,2017-10-22T01:23:52Z,1,0,MalortCourt,NA,921909940838596600,2017,10,22,TRUE
Emergency Hearing in #MalortCourt https://t.co/tdVlKSCX5o,2018-10-20T17:47:48Z,17,0,MalortCourt,http://pbs.twimg.com/media/Dp-Cg1mUcAA_AkX.jpg,1053704347891130400,2018,10,20,TRUE
Bringing #magicmightymadMon to court. ‚ÄúI can‚Äôt be there on Saturday night‚Äù is no excuse for #MalortCourt.,2018-10-20T17:48:44Z,2,0,"magicmightymadMon, MalortCourt",NA,1053704585959825400,2018,10,20,TRUE
"Two charges against Mons:
Count 1 for stating ‚ÄúI have never had malort before‚Äù ‚Äî guilty",2018-10-20T17:49:35Z,6,1,NA,NA,1053704799365910500,2018,10,20,TRUE
"Count two: FOR LEAVING NATIONALS EARLY AND CANT PARTY W HER TEAM
‚ÄúWhy do you play the sport of ultimate?‚Äù
‚ÄúBecause I love my teammates‚Äù
‚ÄúOH, Interesting. When someone loves someone, do you enjoy spending time with them?‚Äù
GUILTY GUILTY GUILTY GUILTY https://t.co/8d1u40DB2M",2018-10-20T17:52:26Z,24,0,NA,http://pbs.twimg.com/media/Dp-DkpOXgAEDeL7.jpg,1053705515149062100,2018,10,20,TRUE
Continuance for later tonight. Follow us for the 2018 edition of #MalortCourt. We don‚Äôt tolerate shenanigans here and you will be held accountable. #guilty #guilty # guilty,2018-10-20T17:54:25Z,4,0,"MalortCourt, guilty, guilty",NA,1053706016854990800,2018,10,20,TRUE
"While #malortcourt is in recess, want to take a second to s/o my neme-teammates for a wonderful season. You ladies are an inspiration and it‚Äôs been a pleasure. (Please don‚Äôt make me malort...) üòà‚ù§Ô∏è",2018-10-20T18:03:42Z,13,0,malortcourt,NA,1053708349005430800,2018,10,20,TRUE
@PhillyAMP Who made this sign let‚Äôs take them to #malortcourt,2018-10-20T18:04:17Z,7,0,malortcourt,NA,1053708499924873200,2018,10,20,TRUE
@ChicagoNemesis cheering section this AM! https://t.co/MNigCJpG3T,2018-10-20T19:09:26Z,0,1,NA,http://pbs.twimg.com/media/Dp909HXUcAIcy9u.jpg,1053724893353836500,2018,10,20,TRUE
"Rips*.... autocorrect, amiright?",2018-10-20T19:11:53Z,1,0,NA,NA,1053725509866053600,2018,10,20,TRUE
@ChicagoNemesis I want to go to #malortcourt,2018-10-20T19:46:45Z,0,1,malortcourt,NA,1053734286124187600,2018,10,20,TRUE
"#MalortCourt is a court of vengeance, not a court of justice. Puhlease.",2018-10-21T03:15:13Z,3,0,MalortCourt,NA,1053847142702309400,2018,10,21,TRUE
ALL RISE for the Honorable Judge Sara Miller. #MalortCourt,2018-10-21T03:18:17Z,11,0,MalortCourt,NA,1053847914626265100,2018,10,21,TRUE
"Prosecutors Allie &; Abby: We thought that our legal cases weren't enough last year. This year, we have citations as well. And you can't argue them. So tough.",2018-10-21T03:20:30Z,2,0,NA,NA,1053848475345989600,2018,10,21,TRUE
Real quick s/o to Mons for taking two malort shots before 11am this morning.,2018-10-21T03:21:02Z,3,0,NA,NA,1053848608670240800,2018,10,21,TRUE
"Multiple citations against Cassie:
#1. Thinks she's good at parallel parking, enters vehicle front first.
#2. NOT WEARING A BIKE HELMET.
Cassie, we know you're studying abroad rn. Get ready for the Nemmy's. We will get you.",2018-10-21T03:22:00Z,1,0,NA,NA,1053848853537992700,2018,10,21,TRUE
court stenographer carol li is called up for citation... standby steno jj on the twitter,2018-10-21T03:22:31Z,0,0,NA,NA,1053848981778849800,2018,10,21,TRUE
carol cited for doing keg stands and shotgunning beers without nemesis #partycarol #shesguilty,2018-10-21T03:22:51Z,1,0,"partycarol, shesguilty",NA,1053849066411421700,2018,10,21,TRUE
"For THORN, for not coming to pod",2018-10-21T03:24:02Z,0,0,NA,NA,1053849364039225300,2018,10,21,TRUE
"this is jj again, carol got another citation for leaving ESC early even though she already had a job #antipartycarol",2018-10-21T03:24:24Z,4,0,antipartycarol,NA,1053849453851865100,2018,10,21,TRUE
Square drinks her malort without hearing her charge. She knows she's guilty.,2018-10-21T03:25:11Z,5,1,NA,NA,1053849651516923900,2018,10,21,TRUE
"Ok big case #1 coming up. *Nemesis v. Anna &; JJ.*

Overarching charge: lack of professionalism. 

The entire D line has been called up as witnesses. We are not flexing them each in individually.",2018-10-21T03:26:47Z,1,0,NA,NA,1053850055583531e3,2018,10,21,TRUE
Our prosecutors tonight for #MalortCourt https://t.co/rAX13vA0C2,2018-10-21T03:28:05Z,3,0,MalortCourt,http://pbs.twimg.com/media/DqAHR2MUwAA8b7d.jpg,1053850381585866800,2018,10,21,TRUE
"""Have you ever heard the use of a pet name at practice?"" 

Let the record show ""YEA"" was answered across the board. #MalortCourt",2018-10-21T03:29:03Z,0,0,MalortCourt,NA,1053850625497194500,2018,10,21,TRUE
"JJ, co-defendant #1 called up to the stand. 

""How long have you been dating this person on Nemesis?""

""Well that's a complicated question.""

Oh boy someone is in trouble!!!",2018-10-21T03:29:56Z,1,0,NA,NA,1053850847782694900,2018,10,21,TRUE
"""Well this situation could have been avoided if we weren't on the same line.""

Prosecutor Abby: ""And exactly *what situation* are we talking about""

GOT 'EM!!!!!

#MalortCourt",2018-10-21T03:31:03Z,3,1,MalortCourt,NA,1053851128901754900,2018,10,21,TRUE
"Defendants are ready to present their defense. They are first calling Risa to the stand.

INTERESTING MOVE. YIKES. I personally would just take the guilty plea.

#MalortCourt",2018-10-21T03:32:25Z,1,0,MalortCourt,NA,1053851474722140200,2018,10,21,TRUE
"JJ: ""Risa, have I ever called you 'Risa babe' on the field"" ""yes.""
JJ: ""Beth, has Anna ever called you 'Bethie-babe' on the field?"" ""Yes.""",2018-10-21T03:33:21Z,2,0,NA,NA,1053851707220742100,2018,10,21,TRUE
Anna has now presented the 14th Amendment's Equal Protection Clause. DAMN SHE HAS A CASE. YIKEESSSS,2018-10-21T03:34:05Z,2,0,NA,NA,1053851893934448600,2018,10,21,TRUE
OH AND JJ JUST THREW ANNA UNDER THE BUS FOR NEVER BEING ABLE TO HEAR HER NAME ON THE FIELD,2018-10-21T03:34:44Z,1,0,NA,NA,1053852054270033900,2018,10,21,TRUE
The judge has deliberated. One shot of malort each. Precedent set: Don't use pet names @ prac.,2018-10-21T03:35:40Z,0,0,NA,NA,1053852293097877500,2018,10,21,TRUE
https://t.co/TkzslarWYP,2018-10-21T03:36:53Z,2,0,NA,http://pbs.twimg.com/media/DqAJUGaVsAA2R3E.jpg,1053852597440798700,2018,10,21,TRUE
"Second round of citations up now. 

Risa up first. Something about picking out dances we can't learn because they're too complicated.",2018-10-21T03:38:03Z,0,0,NA,NA,1053852889959944200,2018,10,21,TRUE
"MK taking a shot for this nemewho: ""I was kind of a big deal in college."" Yeah, that was her.  @fightingfetuses #MalortCourt",2018-10-21T03:38:41Z,3,1,MalortCourt,NA,1053853051532935200,2018,10,21,TRUE
Next citation for Skim hurting herself in IM VOLLEYBALL RIGHT BEFORE NATIONALS @NUTultimate @GungHoUltimate how could you let this happen. But it's ok she got a massive layout D today and I'm so proud of her and she's just fine. #MalortCourt,2018-10-21T03:39:53Z,2,0,MalortCourt,NA,1053853353220825100,2018,10,21,TRUE
Someone hurt Hadel's feelings and that is NOT OK WHO DID IT I'M GONNA FIND YOU #MALORTCOURT,2018-10-21T03:40:13Z,1,0,MALORTCOURT,NA,1053853438000263200,2018,10,21,TRUE
"Case #2. Nemesis v. Liz, for always being late and having no repercussions.

""Well, #MalortCourt, that is the repercussion.""",2018-10-21T03:40:51Z,0,0,MalortCourt,NA,105385359576064e4,2018,10,21,TRUE
oh no there's some drama prosecutor allie v. prosecutor abby. this is great. pass the popcorn.,2018-10-21T03:41:16Z,1,0,NA,NA,1053853698827313200,2018,10,21,TRUE
"Captain Sipp called to the stand to establish when most practices begin and what the expectations are. It is expected that we have sunscreened, taped, eaten, pooped, everything. 

#MalortCourt",2018-10-21T03:42:18Z,0,0,MalortCourt,NA,1053853958811177e3,2018,10,21,TRUE
"Schram flexed in as a witness. ""Can you tell us what your role was on Nemesis?"" ""I was a practice player."" 

real quick snaps for prac players
real quick snaps for mon's two shots of malort
real quick snaps for sipp's endzone d
real quick snaps for foster's bingoals",2018-10-21T03:43:31Z,1,0,NA,NA,1053854267910455300,2018,10,21,TRUE
"Schram was injured on August 12th (her bday, sad, but don't you forget it). But post-injury, it has been established that 85% of the time, she arrives at practice at 8:45 because practice starts at 9, 85% of the time.  She was always at practice on time, despite injury.",2018-10-21T03:45:16Z,0,0,NA,NA,1053854708438200300,2018,10,21,TRUE
"Liz on the stand now.

I don't know why we're questioning her. Look at her. She looks guilty.

But maybe everyone looks guilty here in #MalortCourt.",2018-10-21T03:46:18Z,0,0,MalortCourt,NA,1053854968849948700,2018,10,21,TRUE
"Liz, I'd just take the shot. Your case don't look good.",2018-10-21T03:47:08Z,0,0,NA,NA,1053855175373287400,2018,10,21,TRUE
"Oh but here we are. We're still questioning. 

""What are the qualities of a good teammate.""

""Well, they are welcoming.""

""But how do you welcome someone if you're not there?""

""Well, they should be welcoming me when I arrive.""

A point has been made.",2018-10-21T03:48:17Z,0,0,NA,NA,1053855464499245e3,2018,10,21,TRUE
"Liz attempts to present her defense ""It's Lizness time.""

Judge won't allow it.

But Liz proceeds anyway.

Because #MalortCourt has no order.",2018-10-21T03:50:32Z,0,0,MalortCourt,NA,1053856034484187100,2018,10,21,TRUE
"Liz calls Sipp to the stand. 

""What time were we supposed to be cleated and ready for the biggest tournament of our season?""
""7:45""
""Was everyone ready and cleated at 7:45?""

MIC DROP OMG THE PROSECUTION'S CASE IS FALLING APART",2018-10-21T03:51:43Z,0,0,NA,NA,1053856331629645800,2018,10,21,TRUE
"Jessi called to the stand.

Liz: ""Do you think that I should have had to have watched you participate in 4-lines drill?""

Jessi: ""If I have to participate in 4-lines, I think you have to watch.""

#WorthATry #MalortCourt",2018-10-21T03:52:31Z,3,0,"WorthATry, MalortCourt",NA,1053856532280967200,2018,10,21,TRUE
Liz has appeared to sway the jury. Also some points were made that I can't share here. OMG.,2018-10-21T03:53:50Z,1,0,NA,NA,1053856861940633600,2018,10,21,TRUE
"Liz serves her punishment, but she also brings up a few other teammates who were late through the #honorsystem.

HAHHHHHh there's no honor system at #MalortCourt y'all fell for it.",2018-10-21T03:54:51Z,0,0,"honorsystem, MalortCourt",NA,1053857118707564500,2018,10,21,TRUE
"Citation for Abby: For all you did right, you did one (huge) wrong. In organizing rides back to the airport, you FORGOT Captain Sipp, but left a spot for ""a boy?"" (Yiding?). Unbelievable. @MachineUltimate",2018-10-21T03:57:44Z,15,0,NA,NA,1053857845781786600,2018,10,21,TRUE
Jenni taken to #MalortCourt FOR FREAKING FORGETTING HER CLEATS TO THE BIGGEST TOURNAMENT OF THE YEAR R U KIDDIN ME,2018-10-21T03:58:05Z,2,0,MalortCourt,NA,1053857933795065900,2018,10,21,TRUE
"Sipp taken to #MalortCourt for having the WORST practice attendance of the season!!!

Wow, this was a huge power move. 

N.B. she did attend like pretty much everything else.",2018-10-21T03:59:04Z,3,0,MalortCourt,NA,1.0538581781510799e+18,2018,10,21,TRUE
Jessi taken to #MalortCourt for...... liking malort?!?!?! what a weirdo.,2018-10-21T03:59:24Z,2,0,MalortCourt,NA,1053858264608165900,2018,10,21,TRUE
"And final citation to (Darling Diva) DANGER DANKS for LOSING HER CLEATS almost twice, but definitely once. Thanks @oshadega and @ndultimate and @carolli32 for getting them back to her. #MalortCourt",2018-10-21T04:00:31Z,4,0,MalortCourt,NA,1053858544733237200,2018,10,21,TRUE
Final (I think) case of the night. O-line vs. Christina Sur.,2018-10-21T04:00:49Z,1,0,NA,NA,1053858618964009e3,2018,10,21,TRUE
"Prosecutor: Sur. How are you feeling? Body-wise. 

Sur: Like complete ass. 

Prosecutor: Who taught you how to ride a bike? 

Sur: My dad.",2018-10-21T04:01:53Z,1,0,NA,NA,1053858888766771200,2018,10,21,TRUE
"P: When your dad taught you how to ride a bike, what protective gear did he have you wear?

Sur: Helmet, knee pads, wrist guards...

P: And why do you think your dad had you wear all this protective gear, just for looks?

Sur: There are a lot of cute pics of me.",2018-10-21T04:02:52Z,2,0,NA,NA,1053859135907803100,2018,10,21,TRUE
"P: Sur, can you ride your bike with no hands? 

Sur: Yes.... as long as there are not potholes.

It should be noted that Chicago streets are... not in the best condition.",2018-10-21T04:04:25Z,2,0,NA,NA,1053859527127265300,2018,10,21,TRUE
"Injuries sustained by Sur while not wearing a helmet while biking and deciding to save her coffee and flip over her bike handlebars when approaching a pothole while biking. Kids following at home, wear a helmet &; also maybe shoulder pads and knee pads while biking. Safety first!!",2018-10-21T04:06:56Z,5,0,NA,NA,1053860158688788500,2018,10,21,TRUE
"P: Ok. How are you hamstrings feeling? 

Sur: Not great.

P: Do you play kickball during your nemesis season? 

Sur: While playing kickball, was your hamstring injured? Did your hamstring injury affect your ability to practice?",2018-10-21T04:08:40Z,1,0,NA,NA,1053860595328372700,2018,10,21,TRUE
"Sur, literally, the jury is telling you to plead the 5th.",2018-10-21T04:09:12Z,1,0,NA,NA,1053860730154307600,2018,10,21,TRUE
"Sur: ""Is now the time I'm supposed to plead insanity?""",2018-10-21T04:09:24Z,3,0,NA,NA,1053860780423041e3,2018,10,21,TRUE
"Oh, prosecution's case has taken a new turn. If kickball injured your hamstrings, and you actively recruited other teammates to play on your kickball team, you actively endangered your teammates.

#KickballGate #MalortCourt",2018-10-21T04:10:19Z,3,0,"KickballGate, MalortCourt",NA,1053861010900021200,2018,10,21,TRUE
"Sur is going to attempt to make her case thru an insanity plea for making dumb choices over the past 4 seasons.

Some advice: ""Talk less, smile more""

#MalortCourt",2018-10-21T04:11:53Z,3,0,MalortCourt,NA,1053861404971741200,2018,10,21,TRUE
"""I think you're confusing insanity and stupidity""

Zing.",2018-10-21T04:12:05Z,2,0,NA,NA,1053861455060131800,2018,10,21,TRUE
"Finally. Sur's closing statement: ""Can I just take my shot?""

YES THX FINALLY

#MalortCourt",2018-10-21T04:13:26Z,3,0,MalortCourt,NA,1053861795742408700,2018,10,21,TRUE
"And that wraps up #MalortCourt for 2018. Prosecution has rested their cases against all guilty parties. There's no bias here, except that everyone is guilty. We will find you, always. Love, #MalortCourt.",2018-10-21T04:14:28Z,6,1,"MalortCourt, MalortCourt",NA,1053862055017467900,2018,10,21,TRUE
the flexing in. #malortcourtpt2 https://t.co/I50XyBh6KA,2019-01-13T02:34:03Z,5,0,malortcourtpt2,http://pbs.twimg.com/media/DwwggK4VsAEY4i-.jpg,1084277365851615200,2019,1,13,TRUE
first citation: telling everyone she was good at parallel parking but entered the space forward first,2019-01-13T02:34:37Z,6,0,NA,NA,1084277507413631e3,2019,1,13,TRUE
second citation: not wearing helmet while biking with headphones in,2019-01-13T02:34:58Z,2,0,NA,NA,1084277595074515e3,2019,1,13,TRUE
the defendant may get to choose her punishment???? https://t.co/xuuhIf8iW5,2019-01-13T02:35:32Z,1,0,NA,http://pbs.twimg.com/media/Dwwg1ORVsAYflEi.jpg,1084277740868579300,2019,1,13,TRUE
"a shot of malort, ORRRR the defendant gets to eat the beans from beanboozled. counsel has approached the bench https://t.co/zhyO4TaELv",2019-01-13T02:36:58Z,2,0,NA,http://pbs.twimg.com/media/DwwhAMsUwAEowAZ.jpg,1084278099825483800,2019,1,13,TRUE
takes the shot. says it tastes like burnt rubber https://t.co/lA3nswwTcO,2019-01-13T02:37:01Z,1,0,NA,http://pbs.twimg.com/media/DwwhMMnUcAU-VAP.jpg,1084278114073567200,2019,1,13,TRUE
OMG malort court plea: cassie can either eat all the beanboozled beans by 11 pm OR learn a new @TheFitMarshall dance before 11 pm (that we do not already know as a team) and dance at 11 pm!!!,2019-01-13T02:37:57Z,7,0,NA,NA,1084278349017436200,2019,1,13,TRUE
THE DEFENDANT HAS SELECTED LEARNING A NEW @TheFitMarshall DANCE AT 11 PM,2019-01-13T02:38:37Z,3,0,NA,NA,1084278513065054200,2019,1,13,TRUE
"stay tuned, obviously this will be recorded. #malortcourt #justice",2019-01-13T02:39:04Z,2,0,"malortcourt, justice",NA,1084278626411900900,2019,1,13,TRUE
